INSERT INTO `admin_user` (`id`, `username`, `password`, `email`, `cell_number`, `role_id`, `is_active`) VALUES
(1, 'admin', '$2y$10$/.mCxRjZ2tcy7ISyNCoBoeiLHSUT0CcQTFzVc22.xEaIRsT2615Uy', 'admin@admin.com', NULL, 1, 'Y');
COMMIT;

INSERT INTO `product_brand` (`id`, `logo_src`, `title_fa`, `title_en`) VALUES
(1, '/images/AdminProductManagementController/brand/1399/06/23/15507411285600.png', 'ای دیتا', 'adata'),
(2, '/images/AdminProductManagementController/brand/1399/06/23/15361809397810.png', 'سامسونگ', 'samsung'),
(3, '/images/AdminProductManagementController/brand/1399/06/23/15019404861888.png', 'ایسوس', 'asus'),
(4, '/images/AdminProductManagementController/brand/1399/06/23/14933003366070.png', 'زارا', 'zara'),
(5, '/images/AdminProductManagementController/brand/1399/06/23/15733013425265.png', 'هوآوی', 'huawei'),
(6, '/images/AdminProductManagementController/brand/1399/06/23/14957004235104.png', 'اچ پی', 'hp'),
(7, '/images/AdminProductManagementController/brand/1399/06/23/15845016945021.png', 'جک اند جونز', 'jack and jones'),
(8, '/images/AdminProductManagementController/brand/1399/06/23/14979405318022.png', 'لنوو', 'lenovo'),
(9, '/images/AdminProductManagementController/brand/1399/06/23/15422611739913.png', 'ال جی', 'lg'),
(10, '/images/AdminProductManagementController/brand/1399/06/23/14681802165632.png', 'نایک', 'nike'),
(11, '/images/AdminProductManagementController/brand/1399/06/23/15910619225424.png', 'پوما', 'puma');

INSERT INTO `product_category` (`id`, `title`, `parent_id`, `show_in_menu`, `description`) VALUES
(1, 'کالای دیجیتال', 0, 'Y', 'عمر انقلاب دیجیتال به کمتر از نیم قرن می‌رسد، اما همین برهه‌ی زمانی کوتاه در تاریخ، زندگی نوع بشر را کاملا دگرگون کرده و شتاب قابل توجهی به پیشرفت انسان در زمینه‌های مختلف بخشیده است. شاید اولین قدم‌های دیجیتالی شدن دنیا را بتوان تغییر تراتزیستورهای آنالوگ به دیجیتال دانست که بستر لازم برای کالای دیجیتال نظیر کامپیوتر، تلفن را فراهم کرد. در حال حاضر محصولات دیجیتالی آنقدر توسعه یافته‌اند که می‌توان ردپای آنها را در ساده‌ترین امور روزمره مشاهده کرد. بعضی از این محصولات به ابزارهای جدانشدنی برای انسان تبدیل شده‌اند، تصور زندگی بدون آنها و امکاناتی که در اختیار انسان قرار می‌دهند، وجود ندارد. موبایل‌ها، لپ‌تاپ، ماشین‌های ادارای از این دسته محصولات هستند. کامپیوترهای شخصی، لپ‌تاپ و گوشی تلفن همراه نیز مسیر پر فراز و نشیبی را پشت سر گذاشته‌اند تا به شکل هوشمند امروزی عرضه شود. اولین کامپیوتر قابل حمل جهان در سال 1981 به بازار آمد. این دستگاه صفحه نمایشی 5 اینچی داشت و وزن آن حدود 11 کیلوگرم بود. در حالیکه شرکت‌هایی نظیر اپل یا هواوی لپ‌تاپ‌هایی به وزن یک کیلوگرم ساخته‌اند.'),
(2, 'گوشی موبایل', 1, 'Y', ''),
(3, 'لپ تاپ', 1, 'Y', 'قیمت روز خرید انواع لپ تاپ با برندهای مختلف به همراه لیست فروشندگان، مشخصات و نقد و بررسی تخصصی را در ایمالز مشاهده کنید.'),
(4, 'لوازم جانبی', 1, 'Y', ''),
(5, 'مد و پوشاک', 0, 'Y', 'با گرم شدن تدریجی هوا، کم‌کم باید لباس‌ها و پارچه‌های ضخیم را کنار گذاشته و به سراغ پارچه نازک و خنک برویم. بسیاری از بانوان هنگام خرید، این مشکل را دارند که چه پارچه‌هایی مناسب تابستان است و می‌توانند از آن به عنوان پارچه مانتویی هم استفاده کنند.\r\n\r\nهنگام مشاهده مدل‌های جدید مانتو و ترند سال ۲۰۲۰، انواع گوناگونی از مدل‌ها با پارچه‌های مختلف به چشمتان می‌خورد. این نکته بسیار مهم است، هر مدلی حتماً باید با پارچه منتاسب آن دوخته شود؛ در غیر این صورت جذابیت و زیبایی خود را از دست می‌دهد.'),
(6, 'مردانه', 5, 'Y', ''),
(7, 'زنانه', 5, 'Y', ''),
(8, 'لوازم خانگی', 0, 'Y', ''),
(9, 'بدون والد - بدون تیک نمایش', 0, '', 'بدون والد - بدون تیک بدون والد');


INSERT INTO `product_color` (`id`, `hex_code`, `title`) VALUES
(1, '#ff0000', 'red'),
(2, '#2196F3', 'blue'),
(3, '#ffff00', 'زرد'),
(4, '#000000', 'مشکی'),
(5, '#008000', 'سبز'),
(6, '#800080', 'بنفش'),
(7, '#808080', 'توسی'),
(8, '#6a3500', 'قهوه ای');


INSERT INTO `product` (`id`, `title`, `title_en`, `description`, `category_id`, `quantity`, `buy_price`, `sell_price`, `brand_id`, `flags`, `created_by`, `created_at`) VALUES
(1, 'لپ تاپ 15 اینچی ایسوس مدل ZenBook Pro Duo UX581LV', 'ASUS ZenBook Pro Duo UX581LV 15 inch Laptop', '&lt;p style=\\&quot;text-align: right;\\&quot;&gt; نقد و بررسی اجمالی&lt;/p&gt;&lt;h2 style=\\&quot;text-align: right;\\&quot;&gt;ASUS ZenBook Pro Duo UX581LV 15 inch Laptop​&lt;br&gt;&lt;/h2&gt;&lt;p style=\\&quot;text-align: right;\\&quot;&gt;لپ تاپ UX581LV یکی از باریک ترین لپ تاپ های زنبوک شرکت تایوانی ایسوس می باشد که در انتهای سال 2020 رونمایی شد و یکی از قویترین و زیبا ترین لپ تاپ های 15 اینچی حال حاضر بازار می باشد. شرکت ایسوس با استفاده از فلز با کیفیت در ساخت این لپ تاپ ها، باعث گردیده تا در دسته بندی Ultra Book ها همواره رقیبی جدی برای دیگر شرکت های تولید کننده لپ تاپ به شمار روند و همواره مورد استقبال مصرف کنندگان قرار بگیرند.این سری از تولیدات کمپانی ایسوس با مدت زمان نگهداری شارژ زیاد و تعداد درگاه‌های ارتباطی کم و بدون DVD-RW برای رقابت و مقابله با apple macbook طراحی شده است.به طور کلی این دستگاه 15 اینچی با جدید ترین تکنولوژی که وجود 2 نمایشگر مجزا روی محصول می باشد، دارای مزایای بسیاری از جمله نمایشگر های با کیفیت بالا، صفحه‌کلید استاندارد، جزیره‌ای و با نور پس زمینه کیبورد و همچنین بدنه‌ای از جنس فلز بسیار شیک، زیبا و با استحکام بالا است و سیستم سخت‌افزاری آن نیز پاسخگوی همه ی نیازهای طیف وسیعی از کاربران طراح، مدیران، برنامه نویسان، مهندسان، تحلیل گران و … می باشد. ​&lt;br&gt;&lt;/p&gt;', 2, 65, 0, 96000000, 3, 'on', 'دانیال رحیمی', 1600266220),
(2, 'لپ تاپ 15 اینچی ایسوس مدل ROG Strix G531 GV-ZQ', 'ASUS ROG Strix G531GV-ZQ 15 inch Laptop', '&lt;h2&gt;                        نقد و بررسی اجمالی                                                &lt;span&gt;ASUS ROG Strix G531GV-ZQ 15 inch Laptop&lt;/span&gt;&lt;/h2&gt;&lt;div&gt;                                شرکت «ایسوس» در حال گسترش محصولات حرفه‌ای سری STRIX خود است و این سری را با مشخصات انحصاری‌اش در تمامی محصولات خود، از مادربرد و کارت گرافیک گرفته تا لپ‌تاپ، بست داده است. یکی از لپ‌تاپ‌های مخصوص بازی همین سری هم ROG G531G نام دارد. این محصول به‌گونه‌ای طراحی و ساخته شده است که کالایی جذاب و قدرتمند بوده و در عین حال نسبت به رقبای هم‌رده اقتصادی تر باشد. بدنه‌ی این لپ‌تاپ از ترکیب آلومینیوم و پلاستیک ساخته شده است تا وزن آن کمی نسبت به بدنه‌های تمام‌آلومینیومی سبک‌تر شود. قاب پشت صفحه‌نمایش یا همان لایه‌ی رویی لپ‌تاپ از جنس آلومینیوم برس‌خورده‌ی مشکی است که همچنان مانند محصولات قبلی سری G ایسوس، اثرانگشت زیادی به خود جذب می‌کند و باقی بخش‌ها هم (حتی لایه‌ی داخلی فضای اطراف کیبورد) کاملا از پلاستیک ساخته شده‌اند. صفحه‌نمایش15.اینچی این محصول صفحه‌نمایشی با وضوح بالای Full HD یک گزینه‌ی عالی برای فیلم‌دیدن و بازی‌کردن محسوب می‌شود. از دیگر امکانات این مدل می‌توان به کیبورد جزیره‌ای با نور پس‌زمینه، تاچ‌پد یک‌تکه‌ی باکیفیت، پورت‌های متعدد و حرفه‌ای و لوازم جانبی کامل اشاره کرد. این لپ‌تاپ، مخصوص اجرای بازی‌های سنگین روز طراحی و ساخته شده است؛ پس باید سخت‌افزار قوی داشته باشد.&lt;/div&gt;', 3, 1210, 0, 59000000, 3, 'on', 'رسول بسامی', 1600266364),
(3, 'لپ تاپ 15 اینچی اچ پی مدل ProBook 450 G7-G', 'HP ProBook 450 G7-G -15 inch Laptop', '&lt;h2&gt;                        نقد و بررسی اجمالی                                                &lt;span&gt;HP ProBook 450 G7-G -15 inch Laptop&lt;/span&gt;&lt;/h2&gt;&lt;div&gt;                                محصولات سری‌ 450 ‌‌ProBook‌ «اچ‌پی» همیشه انتخاب مناسبی به‌عنوان لپ‌تاپ‌های چندمنظوره در محیط‌های کاری و خانگی بوده‌اند. این دستگاه‌ها کارایی زیاد، امکانات متعدد، بدنه‌ی زیبا و مقاومی دارند. جدیدترین مدل این محصولات‌ «ProBook 450 G7»‌ نام دارد. بدنه‌ی این مدل مانند نسل‌های قبلی تماما از پلاستیک ساخته شده است؛ اما باوجوداین، کیفیت خوب، مقاومت و طول‌عمر زیادی دارد، همچنین در نسل جدید این محصول سبکتر شدن بدنه، طراحی متفاوت و کیبورد بسیار کم عمق و راحت را هم شاهد هستیم. رنگ نقره‌ای پشت آن و تضاد رنگ با کلید های مشکی کیبورد در داخل دستگاه هم ظاهری ساده و درعین‌حال شیک و زیبا به بدنه داده است. ضخامت 1.9 میلی‌متری بدنه‌ی‌ HP 450 G7 از نسل پنجم این سری هم کمتر شده و وزن 2 کیلوگرمی آن، مزیتی به‌شمار می‌رود که جابه‌جایی این دستگاه را آسان می‌کند. صفحه‌نمایش این مدل، کیفیت ‌Full HD با پنل‌ LED Backlight دارد که خوشبختانه به‌دلیل بهره‌بردن از روکش مات، می‌توان به‌راحتی از آن در محیط‌ها و شرایط مختلف استفاده کرد. پورت‌های ورودی و خروجی متعددی روی لبه‌های این لپ‌تاپ تعبیه شده‌اند که برای اتصال انواع ابزارهای جانبی مناسب هستند؛ یک پورت نسل جدید‌ USB type-C ‌هم بین آن‌ها به‌چشم می‌خورد. سخت‌افزار این محصول در بخش‌های پردازنده‌ی مرکزی و پردازشگر گرافیکی به‌روزرسانی شده و در پیکره‌بندی آن از نسل جدید پردازنده‌های‌ سری دهم اینتل و سری ‌MX250 پردازشگرهای‌ NVIDIA ‌استفاده شده است. با توجه به سخت افزار، مدل ‌‌ProBook 450 G7 به‌راحتی می‌تواند برنامه‌های نیمه‌حرفه‌ای و حرفه‌ای را اجرا کند. طبیعتا به‌دلیل نوع کاربری این محصول، نباید اجرای نرم‌افزارهای سنگین سه‌بعدی‌سازی یا تدوین فیلم را از آن توقع داشته باشید. یک باتری سه‌سلولی لیتیوم‌یونی هم وظیفه‌ی توان‌رسانی به این دستگاه را دارد که در شرایط معمول وب‌گردی با اتصال‌ WiFi، حدود پنج ساعت روشن‌ماندن آن را تضمین می‌کند. درمجموع نسل جدید لپ‌تاپ‌های سری ‌ProBook 450 G7 اچ‌پی با بدنه‌ای خوش‌ساخت، صفحه‌نمایشی مات، پورت‌های متعدد و سخت‌افزاری به‌روز، می‌تواند انتخابی مناسب برای کاربری‌های روزانه، نیمه‌حرفه‌ای و حرفه‌ای با قابلیت پاسخ‌گویی به نیاز های به روز کاربر خود باشد.                            &lt;/div&gt;', 3, 50, 0, 3600000, 6, 'on', 'رسول بسامی', 1600266454),
(4, 'لپ تاپ 15 اینچی اچ پی مدل Pavilion CS3457-D', 'HP Pavilion CS3457-D 15 inch Laptop', '&lt;div&gt;                                محصولات سری‌ Pavilion «اچ‌پی» همیشه انتخاب مناسبی به‌عنوان لپ‌تاپ‌های چندمنظوره در محیط‌های کاری و خانگی بوده‌اند. این دستگاه‌ها کارایی زیاد، امکانات متعدد، بدنه‌ی زیبا و مقاومی دارند. جدیدترین مدل این خانواده CS نام دارد که در اصل، ششمین نسل از این سری محسوب می‌شود. بدنه‌ی این مدل مانند نسل‌های قبلی تماما از پلاستیک ساخته شده است؛ اما باوجوداین، کیفیت خوب، مقاومت و طول‌عمر زیادی دارد. رنگ نقره‌ای تیره پشت آن و تضاد رنگ با نقره ای کم رنگ داخل دستگاه هم ظاهری ساده و درعین‌حال شیک و زیبا به بدنه داده است. ضخامت 17 میلی‌متری بدنه‌ی‌ HP Pavilion CS از نسل چهارم این سری بسیار کمتر شده و وزن 1.9 کیلوگرمی آن، مزیتی به‌شمار می‌رود که جابه‌جایی این دستگاه را آسان می‌کند. صفحه‌نمایش این مدل، کیفیت Full HD با پنل‌ IPS WLED و روکش مات ضد انعکاس نور که به لطف فریم بسیار باریک اطراف LCD، لذت کار با این دستگاه را چند برابر میکند. پورت‌های ورودی و خروجی متعددی روی لبه‌های این لپ‌تاپ به چشم نمی خورند اما وجود پورت نسل جدید‌ USB type-C ، HDMI و پورت LAN شما را در کار های روزمره ی خود تنها نخواهند گذاشت. سخت‌افزار این محصول در بخش‌های پردازنده‌ی مرکزی و پردازشگر گرافیکی به‌روزرسانی شده و در پیکره‌بندی آن از جدیدترین مدل پردازنده‌های‌ اینتل ، یعنی نسل دهم آن و سری ‌MX250 پردازشگرهای‌ NVIDIA ‌استفاده شده است. مدل ‌‌Pavilion CS3457 به پردازنده‌ی مرکزی‌ Core i7 1065G7، پردازشگر گرافیکی‌ GeForce MX250با چهار گیگابایت حافظه‌ی اختصاصی، 16 گیگابایت رم ‌DDR4‌ و یک ترابایت حافظه‌ی داخلی به همراه 500 گیگابایت حافظه SSD M.2 که برای افزایش سرعت دستگاه تعبیه شده، مجهز شده، که به‌راحتی می‌تواند برنامه‌های نیمه‌حرفه‌ای و حرفه‌ای را اجرا کند. یک باتری سه‌سلولی لیتیوم‌یونی هم وظیفه‌ی توان‌رسانی به این دستگاه را دارد که در شرایط معمول وب‌گردی با اتصال‌ WiFi، حدود چهار ساعت روشن‌ماندن آن را تضمین می‌کند.                            &lt;/div&gt;', 3, 10, 0, 31200000, 6, 'on', 'دانیال رحیمی', 1600266578),
(5, 'لپ تاپ 15 اینچی لنوو مدل Ideapad L3 - NA', 'Lenovo Ideapad L3 - NA - 15 inch Laptop', '&lt;h2&gt;                        نقد و بررسی اجمالی                                                &lt;span&gt;Lenovo Ideapad L3 - NA - 15 inch Laptop&lt;/span&gt;&lt;/h2&gt;&lt;div&gt;                                لپ تاپ Ideapad L3 جزء سری های میان رده شرکت لنوو قرار دارد و در حال حاضر جدیدترین لپ تاپ 15 اینچ سری Ideapad این شرکت در بازار کشور محسوب می شود که در سال 2020 رونمایی گردید. این لپ تاپ با تلفیقی از دو مدل L340 و S540 طراحی گردیده و با سخت افزار مناسب و وزن سبک، مناسب امور روزمره، خانگی،گرافیکی نرمال، اداری و مهندسی با پردازش رو به بالا می باشد. ضخامت این دستگاه کمتر از 23mm و وزن دستگاه 2.2Kg می باشد که اعدادی متوسط برای یک لپ تاپ 15 اینچی میان رده محسوب می شوند و ازاین حیث گزینه نسبتا مناسبی برای کسانی که حمل و نقل زیادی با دستگاه خود دارند، می باشد.                            &lt;/div&gt;', 3, 333, 0, 4300000, 8, 'on', 'رسول بسامی', 1600266690),
(6, 'لپ تاپ 15 اینچی لنوو مدل Ideapad L3 - 15IML05', 'Lenovo Ideapad L3 - 15IML05 - 15 inch Laptop', '&lt;h2&gt;                        نقد و بررسی اجمالی                                                &lt;span&gt;Lenovo Ideapad L3 - 15IML05 - 15 inch Laptop&lt;/span&gt;&lt;/h2&gt;&lt;div&gt;                                لپ تاپ Ideapad L3 جزء سری‌های میان رده شرکت لنوو قرار دارد و در حال حاضر جدیدترین لپ تاپ 15 اینچ سری Ideapad این شرکت در بازار کشور محسوب می‌شود که در سال 2020 رونمایی شد. این لپ‌تاپ با تلفیقی از دو مدل L340 و S540 طراحی شده و با سخت افزار مناسب و وزن سبک، مناسب امور روزمره، خانگی،گرافیکی نرمال، اداری و مهندسی با پردازش رو به بالا است. ضخامت این دستگاه کمتر از 23mm و وزن دستگاه 2.2 کیلوگرم بوده که اعدادی متوسط برای یک لپ‌تاپ 15 اینچی میان رده محسوب می‌شوند و ازاین حیث گزینه نسبتا مناسبی برای کسانی که حمل و نقل زیادی با دستگاه خود دارند. در این لپ تاپ از یک پردازنده ۶۴ بیتی Core i7 استفاده شده است که تمامی پردازش‌ها را تا سطح خوبی انجام می‌دهد. از فواید مفید این باز شدن ۱۸۰ درجه به سلامتی ظاهری و مکانیکی آن ارتباط دارد و از شکستن لولاها جلوگیری می‌کند.                             &lt;/div&gt;', 3, 2221, 0, 1600000, 8, 'on', 'دانیال رحیمی', 1600266803),
(7, 'گوشی موبایل هوآوی مدل Nova 7i JNY-LX1 دو سیم کارت ظرفیت 128 گیگابایت به همراه شارژر همراه هدیه', 'Huawei Nova 7i JNY-LX1 Dual SIM 128GB Mobile Phone With Power Bank Gift', '&lt;h2&gt;                        نقد و بررسی اجمالی                                                &lt;span&gt;Huawei Nova 7i JNY-LX1 Dual SIM 128GB Mobile Phone With Power Bank Gift&lt;/span&gt;&lt;/h2&gt;&lt;div&gt;                                گوشی موبایل هوآوی مدل Nova 7i همراه با یک شارژر همراه ای دیتا مدل PT100 ظرفیت 10000میلی‌آمپرساعت به‌عنوان هدیه به دست کاربر می‌رسد. شرکت هوآوی اخیراً گوشی‌ جدید خود را با نام «Nova 7i» معرفی کرد که می‌توان آن را یکی از زیباترین گوشی‌های 4 دوربین دانست. در این گوشی از یک صفحه‌نمایش 6.4 اینچی با فناوری  IPS استفاده شده است که تقریباً 83.5 درصد از بدنه را تشکیل داده است. این نمایشگر از رزولوشن بالایی برخوردار است؛ به‌طوری‌که حدود 398 پیکسل را در هر اینچ جا داده است. این گوشی از یک دوربین اصلی چهارگانه بهره می‌برد که شامل یک لنز عریض 48 مگاپیکسلی، یک لنز فوق عریض 8 مگاپیکسلی ، یک لنز تله فوتو 2 مگاپیکسلی و یک سنسورعمق 2 مگاپیکسلی است. هوآوی برای دوربین سلفی این مدل هم از یک سنسور 16 مگاپیکسلی  استفاده کرده است. در بخش سخت افزار هم Nova 7i به چیپست Kirin 810 مجهز شده است و یک پردازنده قدرتمند 8 هسته‌ای و 8 گیگابایت رم آن را همراهی می‌کنند. سنسور اثر انگشت در گوشی Nova 7i  بر روی لبه کناری قرار گرفته است تا دسترسی به آن آسان‌تر باشد. منبع تغذیه این گوشی هم یک باتری  لیتیوم-پلیمر با ظرفیت 4200 میلی‌آمپر ساعت است که شارژ سریع باتری با توان 40 وات پشتیبانی می‌کند.                             &lt;/div&gt;&lt;div&gt;​&lt;h3&gt;طراحی، در حدواندازه‌ی یک پرچمدار&lt;/h3&gt;​&lt;/div&gt;&lt;div&gt;Nova 7i در نگاه اول شبیه به Nova 5t به نظر می‌رسد. یک صفحه‌ی بزرگ با دوربین سلفی در گوشه‌ی سمت چپ بالا و اسپیکر مکالمه در حاشیه‌ی بالا از ویژگی‌های Nova 7i است. در کناره‌های راست گوشی دکمه‌های تنظیم صدا و پاور که به عنوان حسگر اثر انگشت نیز کار می‌کند قرار دارد. با نگاهی به سمت چپ گوشی خشاب دو‌گانه‌ی سیم‌کارت را خواهیم دید که از کارت‌های نانو مموری هوآوی پشتیبانی می‌کند. دومین میکروفون بالای گوشی قرار گرفته و پایین گوشی شاهد جک هدفون، درگاه USB-C و اسپیکر هستیم. گوشی را که برگردانید، دوربین‌های کوآد بیر رو را روی یک پنل برجسته که قاب فلزی نازکی دارد، می‌بینیم. با نگاهی به سطح گوشی شاهد درخشش و حالت انعکاسی آن هستیم که هوآوی ادعا کرده با روشی خاص آن را ساخته است. این گوشی نه تنها انعکاس منحصربه‌فردی دارد بلکه در برابر خش نیز مقاوم است.&lt;br&gt;&lt;/div&gt;', 2, 632, 0, 6900000, 5, 'on', 'دانیال رحیمی', 1600280556),
(8, 'گوشی موبایل هوآوی مدل Y9 Prime 2019 STK-L21 دو سیم کارت ظرفیت 128 گیگابایت', 'Huawei Y9 Prime 2019 STK-L21 Dual SIM 128GB Mobile Phone', '&lt;h2&gt;نقد و بررسی اجمالی                                                &lt;span&gt;Huawei Y9 Prime 2019 STK-L21 Dual SIM 128GB Mobile Phone&lt;/span&gt;&lt;/h2&gt;&lt;div&gt;وشی مدل « Y9 Prime 2019» از سری محصولات شرکت مطرح هوآوی است که با صفحه‌نمایش کاملاً تمام‌صفحه و بدون بریدگی روانه بازار شده است. حسگر دوربین سلفی هم در این گوشی با استفاده از موتوری کوچک در زمان گرفتن سلفی بالا می‌آید. نمایشگر این محصول دارای رزولوشن بالایی است؛ به‌طوری‌که در اندازه‌ی 6.59 اینچی‌اش، حدود 391 پیکسل را در هر اینچ جا داده است. نمایشگر تمام‌صفحه در گوشی Y9 Prime 2019 هوآوی در کنار لبه­‌های براق و بدنه از جنس پلاستیکی اما زیبا که که بارنگ‌های بسیار خیره‌کننده تولید شده است جلوه‌ای لوکس به هوآوی Y9 Prime 2019 بخشیده است. ویژگی دیگر Y9 Prime 2019 مجهز شدن به حسگر اثرانگشت است. این فناوری خطوط انگشت شما را با استفاده از فناوری جدید شناسایی می­‌کند و تنها با لمس انگشت شما قفل گوشی را باز می‌کند. حسگر اثرانگشت در این گوشی، در قاب پشتی جای گرفته است. علاوه بر این حسگر، سه دوربین که در یکی سنسور 16 مگاپیکسلی و در دوتای دیگر سنسورهای 8 و 2 مگاپیکسل قرار دارد در قسمت پشتی این گوشی جای گرفته‌اند. دوربین‌ خاص سلفی Y9 Prime 2019 هم به سنسور 16 مگاپیکسلی مجهز شده است. قابلیت اتصال به شبکه‌ ارتباطی 4G با سرعت کاملاً مطلوب، بلوتوث نسخه­‌ی 5.0، نسخه­‌ی 9.0 از اندروید و امکان عکاسی HDR و پانوراما از دیگر ویژگی‌های جدید این گوشی هستند. ازنظر سخت‌افزاری هم این گوشی از تراشه‌ی Hisilicon Kirin 710F بهره می‌­برد که در آن پردازنده‌‌ای هشت‌هسته‌ا‌ی و قدرتمند قرارگرفته تا بتواند علاوه‌بر کارهای معمول، از قابلیت‌‌های به‌روز که هوآوی این روزها روی آن تمرکز خاصی دارد، پشتیبانی کند. گوشی Y9 Prime 2019 محصولی بسیار زیبا و با امکانات فراوان است که به عنوان گوشی مدرن و باتری پرقدرت 4000 میلی‌آمپرساعتی به بازار عرضه شده است.&lt;br&gt;&lt;/div&gt;', 2, 1332, 0, 4500000, 5, 'on', 'رسول بسامی', 1600280653),
(9, 'گوشی موبایل ال جی مدل K40 LM-X420EMW دو سیم‌کارت ظرفیت 32 گیگابایت', 'LG K40 LM-X420EMW Dual SIM 32GB Mobile Phone', '&lt;h2&gt;نقد و بررسی اجمالی                                                &lt;span&gt; LG K40 LM-X420EMW Dual SIM 32GB Mobile Phone&lt;/span&gt;&lt;/h2&gt;&lt;div&gt;گوشی موبایل « K40» نام میان رده جدید برند «ال‌جی» است که با طراحی نوین روانه بازار شده است. این گوشی از یک صفحه 5.7 اینچی با فناوری IPS بهره می‌برد. شرکت ال‌جی برای این محصول  یک پردازنده مرکزی 8 هسته‌ای Cortex-A53 با فرکانس 2.0 گیگاهرتز را در نظر گرفته است. همراه با آن، پردازنده گرافیکی PowerVR GE8320 و تراشه مدیاتک MT6762 Helio P22 در نظر گرفته شده که می‌تواند تضمین‌کننده‌ی قدرت پردازشی K40 در انجام هرگونه عملیاتی باشد. ال‌جی در این مدل به 2گیگابایت رم بسنده کرده است. همچنین 32  گیگابایت حافظه‌ی داخلی برای K40 در نظر گرفته شده است که البته نمی‌تواند برای ذخیره‌سازی حجم زیادی از فایل‌های صوتی و تصویری کافی باشد؛ بنابراین می‌توانید با استفاده از یک کارت حافظه‌ی جانبی از نوع microSD این فضا را افزایش دهید. در قاب پشتی این گوشی یک دوربین با رزولوشن 16 مگاپیکسل با دریچه‌ دیافراگم f/2.0 قرار گرفته است؛ دوربین اصلی با فلشی از نوع LED همراه شده تا در مکان‌های تاریک هم بتواند تصاویر مناسبی ثبت کند. دوربین سلفی گوشی K40 هم 8 مگاپیکسل است که برای ثبت تصاویر و اشتراک آن در فضای مجازی مناسب است. گفتنی است منبع انرژی این گوشی یک باتری از نوع لیتیوم پلیمری با ظرفیت 3000 میلی‌ آمپر ساعت است.&lt;/div&gt;&lt;div&gt;&lt;br&gt;&lt;/div&gt;&lt;h3&gt;طراحی و ساخت&lt;/h3&gt;&lt;div&gt;گوشی موبایل ال جی مدل K40 از نظر طراحی انتظارات ما را از یک گوشی تولید سال 2019 برآورده نمی‌کند. در سال 2019 که تمام گوشی قاب شیشه‌ای و صفحه‌نمایش مجهز ناچ دارند، ال‌جی برای این مدل همچنان از قاب پلاستیکی و صفحه‌نمایش بدون ناچ استفاده کرده است. قاب پلاستیکی این مدل کیفیت بالایی داشته و به دلیل ضخامت کم گوشی به آسانی در جیب قرار می‌گیرد. یکی از مزیت‌های استفاده از قاب پلاستیکی به جای شیشه‌ای استحکام بیشتر گوشی است. اگر در اثر حادثه گوشیتان به زمین بیافتد بدون شک آسیب کمتری می‌بیند. استفاده نکردن از ناچ هیچ توجیهی ندارد و ما این ویژگی را در گوشی‌های پایین‌رده این برند هم دیده بودیم و نبود آن در این مدل ما را شوکه کرد. در قسمت قاب پشتی برخلاف گوشی‌های سال‌های اخیر، ما تنها یک دوربین می‌بینیم. استفاده از یک حسگر باعث شده تا قیمت این گوشی کاهش پیدا کند. علاوه بر فلش و دوربین در قاب پشتی، حسگر اثر‌انگشت قرار گرفته است. فاصله این حسگر از دوربین استاندارد بوده و در صورت استفاده، اشتباها انگشتتان روی دوربین قرار نمی‌گیرد. برای افرادی که همچنان برای اتصال هدفون از جک 3.5 میلی‌متری استفاده می‌کنند خبر خوبی داریم. ال‌جی برای این گوشی همچنان از این پورت استفاده کرده و شما علاوه بر هدفون می‌توانید کابل AUX را به این درگاه متصل کنید. یکی از نقاط ضعف این گوشی استفاده نکردن از درگاه USB-C است. ما در این‌ سال‌ها شاهد حذف شدن درگاه microUSB بودیم و بسیاری از برندها برای گوشی‌ها میان‌رده هم USB-C را جایگزین کردند اما ال جی برای K40 همچنان از microUSB استفاده کرده است.&lt;/div&gt;&lt;div&gt;&lt;br&gt;&lt;/div&gt;', 2, 10, 0, 6000000, 9, 'on', 'دانیال رحیمی', 1600280871),
(10, 'گوشی موبایل ال جی مدل Q Stylus LM-Q710EM ظرفیت 32 گیگابایت', 'LG Q Stylus LM-Q710EM 32GB Mobile Phone', '&lt;h2&gt;نقد و بررسی اجمالی                                                &lt;span&gt;LG Q Stylus LM-Q710EM 32GB Mobile Phone&lt;/span&gt;&lt;/h2&gt;&lt;div&gt;                                گوشی موبایل ال جی مدل Q Stylus LM-Q710EM ظرفیت 32 گیگابایت یکی از محصولات خوب شرکت نام‌دار ال‌جی است. گوشی موبایل Q Stylus از محصولات میان‌رده برند «ال‌جی» است که در ژوئن سال 2018 معرفی شد. این گوشی از یک سیم‌کارت با سایز نانو پشتیبانی می‌کند و یک شیار مجزا برای نصب کارت‌حافظه برای آن در نظر گرفته‌شده است. گوشی Q Stylus از یک صفحه‌نمایش 6.2 اینچی و از نوع IPS LCD بهره می‌برد. دوربین جلویی گوشی به یک حسگر ۱۶ مگاپیکسلی مجهز شده و کیفیت دوربین سلفی آن هم ۸ مگاپیکسل است. ال‌جی در این گوشی میان‌رده خود از تراشه مدیاتک MT6750 استفاده کرده است. دو پردازنده چهار هسته‌ای Cortex-A53 با فرکانس‌های 1.0 و 1.5 گیگاهرتز، پردازنده گرافیکی Mali-T860MP، سه گیگابایت رم و 32 گیگابایت حافظه‌داخلی، سخت‌افزار این گوشی را تشکیل می‌دهند. از دیگر ویژگی‌های این گوشی می‌توان به بهره‌گیری از Qlens، صدای فراگیر DTS و قلم Stylus اشاره کرد. منبع‌انرژی این گوشی توسط یک باتری لیتیوم-یونی با ظرفیت 3300 میلی‌آمپرساعت تامین می‌شود که از شارژ سریع 10 وات هم پشتیبانی می‌کند. گواهی نامه IP68 برای مقاومت در برابر آب و گردوغبار، درگاه USB Type-C و حسگر اثر انگشت در قاب پشتی از ویژگی‌های دیگر این گوشی میان‌رده است.                            &lt;/div&gt;', 2, 36, 0, 9600000, 9, 'on', 'دانیال رحیمی', 1600280952),
(11, 'گوشی موبایل سامسونگ مدل Galaxy Z Flip SM-F700F/DS تک سیم کارت ظرفیت 256 گیگابایت', 'Samsung Galaxy Z Flip SM-F700F/DS Single SIM 265GB Mobile Phone', '&lt;h2&gt;نقد و بررسی اجمالی                                                &lt;span&gt;Samsung Galaxy Z Flip SM-F700F/DS Single SIM 265GB Mobile Phone &lt;/span&gt;&lt;/h2&gt;&lt;div&gt;​&lt;h3&gt;صفحه‌نمایش: شیشه‌ای به ضخامت موی انسان&lt;/h3&gt;​&lt;/div&gt;&lt;div&gt;گوشی موبایل Galaxy Z Flip روانه بازار شد تا تجربه ناموفق Galaxy Fold به فراموشی سپرده شود. گوشی تاشوی جدید سامسونگ بر خلاف نمونه ناموفق قبلی به‌صورت عمودی بازوبسته می‌شود تا صفحه‌نمایش شیشه‌ای 6.7اینچی بزرگی را در اختیار کاربر قرار دهد. اما تاشو بودن تنها ویژگی این گوشی جدید و البته خاص نیست. گلکسی Z Flip را باید با دقت خاصی که فقط مخصوص این گوشی خاص است، بررسی کرد؛ نه به این دلیل که این محصول یک گوشی صرفاً خوب یا بد است، بلکه به این دلیل که در دنیای گوشی‌های هوشمند امروز، Z Flip محصولی عجیب‌وغریب است. در ادامه فییلیپ جدید سامسونگ را بیشتر موردبررسی قرار خواهیم داد.&lt;br&gt;&lt;/div&gt;', 2, 111, 0, 28400000, 2, 'on', 'دانیال رحیمی', 1600281074),
(12, 'گوشی موبایل سامسونگ مدل Galaxy Note20 Ultra SM-N985F/DS دو سیم کارت ظرفیت 256 گیگابایت', 'Samsung Galaxy Note20 Ultra SM-N985F/DS Dual SIM 256GB Mobile Phone', '&lt;p&gt;​&lt;/p&gt;&lt;h3&gt;طراحی&lt;/h3&gt;​&lt;p&gt;&lt;/p&gt;&lt;p&gt;گوشی‌های سری نوت سامسونگ، طراحی خاص خود را دارند که آن‌ها را از گوشی‌های سری S جدا می‌کند. همان‌طور که انتظار می‌رفت گوشی Note 20 Ultra هم از قاعده طراحی گوشی‌های سری نوت پیروی کرده است؛ برای این گوشی لبه‌های تیز در نظر گرفته‌شده است. این در حالی است که لبه‌های گوشی گلکسی S20 Ultra کاملا گرد طراحی شده است. با قرار دادن گوشی Note 20 Ultra در کنار گوشی Note 10 Plus متوجه بهبودهای آن در طراحی خواهید شد؛ حاشیه صفحه‌نمایش تا لبه پایین گوشی کمتر شده و حفره سلفی هم کمی کوچک‌تر شده است. لبه‌های صفحه‌نمایش S20 Ultra همچنان با کمی انحنا همراه شده است. برای قاب جلویی پوشش گوریلاگلس Victus در نظر گرفته شده است که در واقع نسخه جدیدتری نسبت به گوریلاگلس 6 است.&lt;/p&gt;&lt;p&gt;گوشی Note 20 Ultra، تنها یک نوت نیست بلکه اولترا هم هست؛ تقریباً غیرممکن است که به قاب پشتی یک نگاه سریع و گذرا داشته باشید و متوجه برآمدگی دوربین سه‌گانه آن نشوید. ست-آپ دوربین سه‌گانه Note 20 Ultra به‌قدری بزرگ است که نمونه مشابه آن را قبلاً در هیچ گوشی دیگری ندیده‌ایم. با در نظر داشتن این‌که گوشی Note 20 Ultra ضخامت کمتری نسبت به گوشی S20 Ultra دارد، برآمدگی دوربین در آن حدود 0.4 میلی‌متر بیشتر است.&lt;/p&gt;', 2, 364, 0, 30000000, 2, 'on', 'رسول بسامی', 1600281215),
(13, 'گوشی موبایل سامسونگ مدل Galaxy S20 Plus 5G SM-G986B/DS دو سیم کارت ظرفیت 128 گیگابایت', 'Samsung Galaxy S20 Plus 5G SM-G986B/DS Dual SIM 128GB Mobile Phone', '&lt;h2&gt;نقد و بررسی اجمالی                                                &lt;span&gt;Samsung Galaxy S20 Plus 5G SM-G986B/DS Dual SIM 128GB Mobile Phone &lt;/span&gt;&lt;/h2&gt;&lt;div&gt;چندسالی است که معرفی سری محصولات بالارده «Galaxy S» در صدر اخبار مهم برای طرفداران دنیای فناوری اطلاعات قرار گرفته‌اند. گوشی موبایل «Samsung Galaxy S20 Plus» در فوریه 2020 روانه بازار شد تا ادامه دهنده راه این پرچم‌داران سامسونگ باشد. شاید مهم‌ترین تفاوت این محصول با برادر بزرگ‌ترش (Galaxy S20 Ultra) نبود سنسور پریسکوپ و باتری کمی‌ کوچکتر باشد. روکش محافظ Corning Gorilla Glass 6  این گوشی درکنار گواهینامه IP68 نشان از کیفیت ساخت بالای آن دارد. حسگر اثر انگشت این گوشی از نوع اولتراسونیک است و در زیر صفحه‌نمایش کار گذاشته شده است تا به‌‌سختی بتوان از عملکرد آن ایرادی گرفت. صفحه‌نمایشی با فناوری جدید Dynamic AMOLED 2X  و تراکم پیکسلی 525 پیکسل هم با جزئیات و وضوح تصویر عالی ترجمه می‌شود. تراشه‌ی این محصول، اگزنوس 990 سامسونگ است که به‌عنوان تراشه‌ای 7 نانومتری عملکرد فوق‌العاده بهینه‌ای دارد. این تراشه که به همراه 12 گیگابایت رم عرضه می‌شود، یکی از قوی‌ترین تراشه‌های موجود در حال حاضر است و برای انجام بازی‌های سنگین و باز کردن چندین برنامه به‌صورت هم‌زمان و تماشای ویدئو کاملاً مناسب است و کم نمی‌آورد. تراشه‌ی گرافیکی Adreno 640 هم برای پخش ویدئو و بازی مناسب است. در این محصول هم دوربین قاب پشتی از چهار سنسور پرقدرت تشکیل شده است. سنسورهایی با رزولوشن 12، 64، 12 و حسگر TOF  که هر آنچه از دوربین یک گوشی موبایل انتظار دارید را برآورده می‌کند. وجود درگاه USB Type-C، امکان شارژ بی‌سیم با سرعت بسیار بالا، پشتیبانی از فناوری شارژ سریع PD و باتری پرقدرت 4500 میلی‌آمپرساعتی از دیگر ویژگی‌های این پرچم‌دار سامسونگ است. این محصول خوش‌ساخت سامسونگ ازنظر ابعاد از نسخه Ultra کوچکتر و از S20 بزرگتر است اما سخت‌افزار مشابهی با برادر بزرگ‌تر خود دارد. اگر بخواهیم به سخت‌افزار گلکسی 20 اس پلاس نگاهی داشته باشیم، با یکی از دوست‌داشتنی‌ترین محصولات موجود در بازار روبرو می‌شویم که به‌نظر می‌رسد سهم قابل‌توجهی از بازار گوشی‌های بالارده را به خود اختصاص خواهد داد.&lt;br&gt;&lt;/div&gt;', 2, 6, 0, 28000000, 2, 'on', 'دانیال رحیمی', 1600281374),
(14, 'هارد اکسترنال ای دیتا مدل HD710 Pro ظرفیت 2 ترابایت', 'ADATA HD710 Pro External Hard Drive - 2TB', '&lt;h2&gt;نقد و بررسی اجمالی                                                &lt;span&gt;ADATA HD710 Pro External Hard Drive - 2TB&lt;/span&gt;&lt;/h2&gt;&lt;div&gt;هارداکسترنال «HD710 Pro» محصولی از برند «ای دیتا» (ADATA) است. این هارد اکسترنال در گروه هاردهای ضدضربه و مقاوم دسته‌بندی می‌شود. بدنه‌ی هارد از جنس پلاستیک سیلیکونی ساخته شده که قادر است ضربه‌های وارده به محصول را به میزان مناسبی دفع کند. سنسور G Shock که درون HD710 Pro به کار رفته،هنگام وارد شدن شوک و ضربه به هارد مانع از آسیب رسیدن به اطلاعات هارد می‌شود؛همچنین  قدرت هارد HD710 Pro در جذب و دفع ضربه آن‌قدر خوب بوده که استاندارد نظامی MIL-STD-810G  516.6 هم به آن تعلق گرفته است. تمام شکاف‌ها و درزهای بدنه‌ی هارد به طرزی پوشانده شده‌اند تا قطرات آب و ذرات گردوغبار نتوانند به درون محصول نفوذ کنند؛ این ویژگی، هارد HD710 Pro را موفق به دریافت استاندارد IP68 کرده ‌است. اتصال هارداکسترنال HD710 Pro با استفاده از کابل USB برقرار می‌شود که می‌تواند با سرعت زیاد، اطلاعات شما را جابه‌جا کند.این هارد 2 ترابایتی با سیستم عامل‌های ویندوز XP/Vista/7/8///8.1/10،مکینتاش 10.6 وبعد از آن،لینوکس کرنل 2.6 و بعد از آن و دارای ابعاد 26×98×133میلی‌متر و وزن 390گرم است. برای استفاده از سرعت زیاد رابط USB 3.1، باید این پورت را در کامپیوتر یا لپ‌تاپ‌تان داشته باشید؛ درغیراین‌صورت، هارد با سرعت استانداردهای پایین‌تر کار خواهد کرد. پورت USB به‌کاررفته در HD710 Pro توسط یک درپوش سیلیکونی پوشانده می‌شود تا آب و خاک نتوانند به درون هارد نفوذ کنند. این هارد اکسترنال در چهار رنگ آبی، قرمز، مشکی و زرد تولید شده و در ظرفیت‌های یک، دو، سه و چهار ترابایت قابل تهیه است. گفتنی است که ظرفیت 3 ترابایت در رنگ‌های آبی، قرمز و مشکی و ظرفیت 4 ترابایت، تنها در رنگ مشکی ارائه می‌شود و باقی ظرفیت‌ها در تمام رنگ‌ها عرضه شده‌اند.&lt;br&gt;&lt;/div&gt;', 4, 6320, 0, 3300000, 1, 'on', 'دانیال رحیمی', 1600281566),
(15, 'کاور مدل DEE-05 مناسب برای گوشی موبایل سامسونگ Galaxy A10s', 'Galaxy A10s cover', '', 4, 9520, 0, 14500, 2, 'on', 'رسول بسامی', 1600281940),
(16, 'کاور رینیکا مدل 5151 مناسب برای گوشی موبایل سامسونگ Galaxy A51', 'Galaxy A51 cover', '', 4, 932, 0, 45000, 2, 'on', 'رسول بسامی', 1600282103),
(17, 'کاور کینگ کونگ مدل GHB01 مناسب برای گوشی موبایل سامسونگ Galaxy A20s', 'Galaxy A20s  cover', '&lt;div&gt;&lt;span&gt;                                                                                                                            مقاوم در برابر ضربه                                             ,                                                                                                                                                                                                                                                                                                                                                                                             مقاوم در برابر آب                                             ,                                                                                                                                                                                                                                                                                                                                                                                             دارای استانداردهای نظامی مقاومت در برابر سقوط                                             ,                                                                                                                                                                                                                                                                                                                                                                                             دسترسی آسان به درگاه ها                                             ,                                                                                                                                                                                                                                                                                                                                                                                             قابلیت تبدیل شدن به استند                                             ,                                                                                                                                                                                                                                                                                                                                                                                             لبه های برجسته برای محافظت صفحه نمایش                                             ,                                                                                                                                                                                                                                                                                                                                                                                             لبه های برجسته برای محافظت دوربین                                                                                                                                                                         &lt;/span&gt;&lt;/div&gt;', 4, 762, 0, 83000, 2, 'on', 'رسول بسامی', 1600282189),
(18, 'فلش مموری ای دیتا مدل C906 ظرفیت 32 گیگابایت', 'Adata C906 USB 2.0 Flash Memory - 32GB', '&lt;h2&gt;نقد و بررسی اجمالی                                                &lt;span&gt;Adata C906 USB 2.0 Flash Memory - 32GB&lt;/span&gt;&lt;/h2&gt;&lt;div&gt;                                C906 یک فلش مموری با ظاهر کلاسیک است که در دو رنگ سفید و مشکی و توسط کمپانی Adata طراحی و تولید شده است. این فلش مموری، ماهیت خود را از طراحی مدرن می‌گیرد که آن را به یک وسیله‌ ذخیره‌سازی به‌روز و کاربردی تبدیل کرده است. وزن این فلش مموری تنها 9 گرم و ابعاد آن 1 × 1.8 × 5.8 سانتی‌متر است، بنابراین C906 یک دستگاه ذخیره‌سازی فوق‌العاده جمع‌وجور و سبک وزن است که همه اطلاعات شما را به راحتی قابل حمل می‌سازد. C906 با گوشه‌های گرد طراحی شده و دارای بدنه‌ای براق است که ظاهر آن را چشم‌گیر کرده است، همچنین طراحی با درپوش این فلش مموری به گونه‌ای است که می‌توانید برای جلوگیری از گم کردن درپوش به صورت دستی آن را در انتهای فلش قرار دهید. C906 در ظرفیت‌های 2 تا 32 گیگابایت تولید شده و می‌توان آن را وسیله‌ی مناسبی برای پاسخ‌گویی به نیاز سطح وسیعی از کاربران دانست. توانایی C906 برای ذخیره‌سازی، حمل و انتقال انواع فایل‌های شما، از طریق رابط USB2.0 آن را تبدیل به وسیله‌ای می‌سازد که باید همیشه به همراه داشته باشید. البته این فلش مموری از رابط USB 1.1 نیز پشتیبانی می‌کند. فلش مموری‌های شرکت Adata نرم‌افزارهای با ارزشی را نیز به همراه دارند. ابزار OS to GO به شما این امکان را می‌دهد که بتوانید DVD ویندوز 7 خود را از روی دیسک به دستگاه‌های ذخیره‌سازی قابل حمل Adata منتقل نمایید. به این شکل شما به راحتی قادر به نصب Windows 7 با استفاده از قابلیت بوت نمودن کامپیوتر خود از طریق پورت USB بدون نیاز به درایو نوری می‌باشید. نرم‌افزار UFD to Go، ابزار قدرتمندی است که شما را برای هماهنگ کردن یا یکسان‌سازی اطلاعات (Synchronization)، ایمیل‌ها و لینک‌های مورد علاقه (Favorites) کمک نموده و به شما این امکان را می‌دهد که اطلاعات خود را همیشه به همراه داشته باشید.                            &lt;/div&gt;', 4, 453, 0, 95000, 1, 'on', 'دانیال رحیمی', 1600282292),
(19, 'هدفون بی سیم بیتس مدل Studio 3', 'Beats Studio 3 Wireless Headphone', '&lt;h2&gt;نقد و بررسی اجمالی                                                &lt;span&gt;Beats Studio 3 Wireless Headphone&lt;/span&gt;&lt;/h2&gt;&lt;div&gt;بیتس استودیوی ۳ هدستی در اندازه کامل است که توسط اپل راهی بازار شده و انتخاب مناسبی برای علاقه‌مندان به موسیقی به حساب می‌آید. هدستی بی‌سیم که عملکردی به مرابت بهتر از هدفون‌های توگوشی موجود در بازار دارد. بیتس استودیوی ۳ از آن هدست‌هایی است که روی سر قرار می‌گیرد، اما آن‌قدر راحت ساخته شده که شاید حس نکنید چیزی را روی سر خود گذاشته‌اید. ارتباط بی‌سیم آن با دستگاه‌های مختلف بسیار راحت‌ برقرار می‌شود و طول عمر باتری آن هم فوق‌العاده است. همچنین باید به این موضوع اشاره کنیم که اپل ویژگی حذف کردن نویز را به این محصول اضافه کرده تا کیفیت صدای آن بیشتر شود. در حالی که این محصول به عنوان یک هدفون بی‌سیم شناخته می‌شود، جک ۳٫۵ میلی‌متری خروجی صدا هم برای آن در نظر گرفته شده است. پس می‌توانید آن را به صورت سیمی و یا بلوتوثی مورد استفاده قرار دهید. اپل ادعا کرده که باتری این هدست تا ۲۲ ساعت دوام می‌آورد. باتری‌ای که به وسیله یک کابل میکرو USB شارژ‌ می‌شود. با این هدست به راحتی می‌توانید به موسیقی گوش کنید و تماس‌های دریافتی را هم پاسخ دهید.&lt;br&gt;&lt;/div&gt;', 4, 125, 0, 5600000, 1, 'on', 'دانیال رحیمی', 1600282384),
(20, 'چادر لبنانی شهر حجاب مدل 8031', '8031', '&lt;h2&gt;                        نقد و بررسی اجمالی                                                &lt;/h2&gt;&lt;div&gt;&lt;br&gt;&lt;/div&gt;&lt;div&gt;                                چادر لبنانی صدفی همانگونه که از نامش مشخص است از سبک چادر های عربی می باشد که همانند سایر چادرهای عربی از عرض زیادی بهره مند است و گشادی و راحتی خاصی دارد و به دلیل داشتن آستین های دو لایه 15 سانتی آزادی عمل در کارهای روز مره را برای بانوان محجبه فراهم نموده است‏.‏ چادر لبنانی صدفی دارای کاپ روی سر ‏(‏جایگزین هد‏)‏ جهت عدم خروج موها از زیر چادر و نقاب جایگزینی بجای مقنعه و در حالت دیگر پوشیه می باشد است‏.‏ همچنین جلوی چادر با زیپ مخفی بسته شده تا آزادی عمل ویژه ای برای بانوان فراهم کند‏.‏ امکان استفاده از کیف در زیر چادر فراهم است‏.‏ این چادر از پارچه کرپ حریر اسود تولید و تقدیم میگردد. پارچه حریر اسود استفاده شده در مجموعه شهر حجاب با تراکم 500 می باشد و پارچه ای بسیار سبک وزن و در عین حال مشکی و ضخیم می باشد. لازم به توضیح است که بطور کلی این چادر شامل 7 سایز بصورت 145-150-155-160-165-170-175 سانتیمتر می باشد که بر اساس قد داده شده نزدیکترین سایز ارسال می شود.                            &lt;/div&gt;', 7, 2221, 0, 211000, 11, 'on', 'دانیال رحیمی', 1600282626),
(21, 'پیراهن زنانه کد 1008', '1008', '', 7, 921, 0, 4500000, 4, 'on', 'رسول بسامی', 1600282692),
(23, 'مانتو زنانه آر اف او مدل آپریل کد 03', '03', '&lt;h2&gt;                        نقد و بررسی اجمالی                                                &lt;/h2&gt;&lt;div&gt;                                لباس «در ستایش فروردین» با الهام از کتاب «سرزمین بی‌حاصل» اثر «تی.اس.الیوت» طراحی شده‌است.این لباس به منظور دوری از فرهنگ مصرف‌گرایی و با فاصله‌گذاری با مد زودگذر، طوری طراحی شده که سال‌ها برازنده باقی می‌ماند و قابل استفاده در مراسم و مجالس مختلف است. لباس مانند شما منحصربه‌فرد است و تنها یک عدد از آن دوخته شده‌است.                            &lt;/div&gt;', 7, 50, 0, 2300000, 4, 'on', 'دانیال رحیمی', 1600282812),
(24, 'مانتو زنانه عاطفه نادری طرح پاپیونی مدل 1061128-0599', 'Atefeh Naderi Papioni 1061128-0599 Manteau For Women', '', 7, 333, 0, 3600000, 10, 'on', 'رسول بسامی', 1600282899),
(25, 'روسری زنانه مدل 27', '27', '', 7, 22821, 0, 52000, 11, 'on', 'دانیال رحیمی', 1600282975),
(26, 'شال زنانه کد P-705', 'P-705', '', 7, 4963, 0, 58000, 4, 'on', 'دانیال رحیمی', 1600283049),
(27, 'هودی مردانه مدل کد 21', '21', '', 6, 326, 0, 180000, 11, 'on', 'دانیال رحیمی', 1600283370),
(28, 'شلوار مردانه کد 222', '222', '&lt;h2&gt;                        نقد و بررسی اجمالی                                                &lt;/h2&gt;&lt;p&gt;این محصول با استفاده از پارچه جین نیم کش در تن خوری فیت توسط کارکنان ایرانی تولید شده و دارای دو جیب در پشت، دو جیب در جلو و یک جیب ساعتی میباشد.&lt;/p&gt;', 6, 94962, 0, 120000, 4, 'on', 'دانیال رحیمی', 1600283412),
(29, 'شلوار مردانه کد 129 رنگ مشکی', '129', '', 6, 85, 0, 125000, 4, 'on', 'دانیال رحیمی', 1600283476),
(31, 'ست تی شرت و شلوار ورزشی مردانه طرح یوونتوس مدل bg', 'bg', '', 6, 62, 0, 190000, 11, 'on', 'رسول بسامی', 1600283611),
(32, 'کت تک مردانه رومانو بوتا کد 04', 'Romano Botta 04 Coat For Men', '&lt;h3&gt;کاربرد&lt;/h3&gt;&lt;p&gt;​&lt;/p&gt;&lt;h3&gt;معرفی&lt;/h3&gt;&lt;br&gt;&lt;p&gt;&lt;/p&gt;&lt;p&gt;در زمان خرید کت تک مردانه توجه داشته باشید که قرار است آن را در چه مکانی به تن کنید. کت را برای استفاده در مهمانی لازم دارید یا می‌خواهید کتی برای هرروزتان باشد و به‌صورت روزمره از آن استفاده کنید.مطلع هستید که کت‌های مردانه انواع مختلفی مانند کت رسمی، کت تک و کت اسپرت دارند. هرکدام از این کت‌ها ویژگی‌های خاص خود را دارند و بنا به نیاز و سلیقه‌تان باید انتخاب خوبی داشته باشید.کت تک مردانه رومانو بوتا کد 04؛ کتی زیباست از پشم و پلی‌استر تولید شده است.با خرید این کت تکبه‌راحتی می‌توانید آن را با لباس‌های مختلفی مانند شلوار جین، پیراهن، کفش و اکسسوری‌های دیگر ست کرده و به تن کنید. کت تک، رسمی نیست و اما نسبت به کت اسپرت رسمی‌تر است. کت تک در انواع مختلف نازک‌تر و نرم‌تر از کت رسمی است و شما در آن راحت‌تر خواهید بود. ست کردن این‌گونه رنگ‌ها با سایر لباس‌ها راحت‌تر است. با خرید کت تک می‌توانید استایل های جذاب متفاوتی را تجربه کنید و در حقیقت با یک تیر چند نشان بزنید.&lt;/p&gt;', 6, 64, 0, 285200, 4, 'on', 'دانیال رحیمی', 1600283682),
(33, 'تی شرت مردانه کد S179', 'S179', '', 6, 68452, 0, 25000, 11, 'on', 'دانیال رحیمی', 1600283833),
(34, 'تی شرت مردانه طرح مارشملو کد 17330', '17330', '', 6, 2221, 0, 33000, 10, 'on', 'دانیال رحیمی', 1600283900),
(35, 'جارو برقی سامسونگ مدل QUEEN-18', 'Samsung QUEEN-18 Vacuum Cleaner', '&lt;h2&gt;نقد و بررسی اجمالی                                                &lt;span&gt;Samsung QUEEN-18 Vacuum Cleaner&lt;/span&gt;&lt;/h2&gt;&lt;p&gt;جاروبرقی «سامسونگ» مدل «QUEEN-18» طراحی ساده و زیبایی دارد. بدنه از مواد پلاستیکی باکیفیت ساخته ‌شده است و قطعات مختلف رنگ‌های متنوعی دارند. در رنگ قرمز، قطعات اصلی به رنگ قرمز تیره‌ هستند و با نوارها و قطعات کوچک‌تر مشکی و خاکستری ترکیب ‌شده‌اند. توان 1800واتی این جارو می‌تواند مکشی 400واتی در سر پارویی ایجاد کند و خاک و زباله را به‌راحتی از سطوح مختلف جمع کند. قدرت مکش در جاروبرقی‌های معمولی به‌تدریج و به‌موازات پرشدن کیسه کاهش می‌یابد. سامسونگ راهکاری خلاقانه ارائه کرده است و فیلتر سایکلون یا چرخشی را تولید و عرضه کرده است. در درون فیلتر سایکلون، ابتدا ذرات بزرگ‌تر و سنگین‌تر جدا می‌شوند و این امکان را برای استفاده‌ی بهینه از فضای داخل کیسه جاروبرقی و قدرت مکشی قوی‌تر و یکنواخت‌تر فراهم می‌سازد. فیلتر سایکلون که به‌نحوی مناسب، کنار دسته‌ی جاروبرقی تعبیه ‌شده است، به‌راحتی به بیرون و داخل می‌لغزد و دسترسی به آن حتی هنگامی‌که جاروبرقی در حالت ایستاده قرار دارد آسان است. گنجایش بالای مخزن جارو، سیم برق بلند و صدای نه‌چندان زیاد دستگاه، استفاده از آن را ساده کرده است.&lt;/p&gt;', 8, 1210, 0, 4700000, 2, 'on', 'رسول بسامی', 1600283991),
(37, 'یخچال و فریزر سامسونگ مدل FSR12', 'Samsung FSR12 Side By Side Refrigerator', '&lt;h2&gt;نقد و بررسی اجمالی                                                &lt;span&gt;Samsung FSR12 Side By Side Refrigerator&lt;/span&gt;&lt;/h2&gt;&lt;p&gt;یخچال و فریزر مدل&lt;span&gt; «FSR12» &lt;/span&gt;از گروه یخچال‌ و فریزرهای سایدبای‌ساید شرکت معتبر «سامسونگ» است. این دستگاه با گنجایش کلی بیش از 30 فوت، مناسب استفاده‌ی خانواده‌های کم‌جمعیت تا متوسط است. مصرف انرژی&lt;span&gt; A++ &lt;/span&gt;این دستگاه، آن را در گروه دستگاه‌های کم‌مصرف قرار می‌دهد. ظاهر زیبای این دستگاه با همراهی دو دسته‌ی عمودی ِساده تکمیل می‌شود. پنل کنترلی دستگاه برای انتخاب یخ یا آب‌خنک و... روی در فریزر نصب ‌شده است. این قسمت دارای یک پدال زیبا و بادوام است تا دسترسی به آب و یخ راحت‌تر شود. کمپرسور این دستگاه از نوع&lt;span&gt; Digital Inverter Compressor &lt;/span&gt;(کمپرسور اینورتر دیجیتال) است که باعث افزایش عمر و بهبود راندمان دستگاه می‌شود. داخل یخچال طبقات متعدد و کشوهایی در نظر گرفته ‌شده است تا مواد غذایی و ظروف مرتب چیده شوند. طبقه‌ای برای قرارگیری بطری به‌صورت افقی نیز داخل یخچال قرار دارد. سمت داخلی در هم دارای طبقاتی است که می‌توان مواد غذایی و بطری‌ها را در آن‌ها قرار داد. وجود طبقات متعدد و کشو در فریزر هم باعث منظم‌شدن و کارآمدترشدن فضای فریزر می‌شود. روی در فریزر هم سه ‌طبقه در نظر گرفته ‌شده است و قسمت بالایی در، برای یخ‌سازی استفاده می‌شود. برای تولید یخ و استفاده از آبسردکن، دستگاه باید به شیر آب شهری متصل شود. طبقات انعطاف‌پذیر&lt;span&gt; FSR12 &lt;/span&gt;امکان تغییر فضای ذخیره‌سازی را برای کاربر فراهم می‌آورد. این طبقه‌ها به‌راحتی جدا شده و به بالا و پایین حرکت می‌کنند تا با هر سایزی از مواد غذایی و ظروف مختلف هماهنگ شوند. کشوهای عمیق سایدبای‌ساید سامسونگ، فضای ذخیره‌سازی بسیار بیشتری را برای یخچال و فریزر فراهم می‌آورد. عمیق‌تر و بزرگ‌تربودن این کشوها امکان می‌دهد تا بتوان مواد غذایی را به‌سادگی در کشو قرار داد و از آن خارج کرد. شرکت سامسونگ مشتریان زیادی را به سمت خود کشانده و با ارائه‌ی خدمات پس از فروش مناسب، آن‌ها را راضی نگه‌ داشته است.&lt;/p&gt;&lt;div&gt;&lt;br&gt;&lt;/div&gt;&lt;div&gt;&lt;p&gt;​&lt;/p&gt;&lt;h2&gt;                            نقد و بررسی تخصصی                        &lt;/h2&gt;&lt;div&gt;&lt;br&gt;&lt;/div&gt;&lt;div&gt;&lt;strong&gt;​&lt;/strong&gt;&lt;br&gt;&lt;/div&gt;&lt;p&gt;&lt;/p&gt;&lt;strong&gt;​&lt;/strong&gt;&lt;/div&gt;&lt;div&gt;&lt;br&gt;&lt;/div&gt;', 8, 76, 0, 76000000, 2, 'on', 'رسول بسامی', 1600284160),
(38, 'مایکروویو ال جی مدل MG42', 'MG42', '&lt;h2&gt;                        نقد و بررسی اجمالی                                                &lt;/h2&gt;&lt;div&gt;&lt;br&gt;&lt;/div&gt;&lt;div&gt;                                اگر به دنبال‌یک مایکرو متفاوت و با تکنولوژی مدرن میگردید Neochef بهترین انتخاب شماست، این‌یک مایکرو اینورتر است، دستگاهی که به صورت هوشمند، وات مصرفی را کنترل کرده و پخت، گرمایش و‌یخ زدایی به شدت‌یکنواختی را برای شما ایجاد مینماید، بسیار سریع تراز مایکرو های معمولیست، مصرف بسیار کمتری داشته و حتی در پایین ترین ولتاژهای ممکن قادر به ادامه کار است، و البته 4 دستگاه در‌یک دستگاه میباشد: ماست ساز، گرم کن، سرخ کن و مایکرو. شاید فکر کنید که ماست سازی قابلیت پرکاربردی نباشد اما باید بدانید که این قابلیت در واقع‌یک تکنولوژیست که به واسطه وجود کیت هوشمند اینورتر در دستگاه نئوشف حاصل شده تا بتواند فرایند تخمیر ماست در دمای ثابت را فراهم نموده و امکان تهیه مواد غذایی ارگانیک با بهترین کیفیت را در اختیار ما بگذارد که در کمتر دستگاهی دیده میشود. لامپهای LED با 3 برابر روشنایی بیشتر به شما این امکان را میدهد تا به راحتی محیط داخل دستگاه را ببینید و از شرایط مواد غذایی داخل آگاه شوید، قابلیت Easy Clean جداره داخلی دستگاه با ساختاری ترکیب شده با ذرات زئولیت سبب میشود تا علاوه بر آنتی باکتریال بودن 99.99درصدی محیط داخل، تمیز کزدن آن هم بسیار راحت و سریع صورت بگیرد.                            &lt;/div&gt;', 8, 6, 0, 9000000, 9, 'on', 'دانیال رحیمی', 1600284242),
(39, 'ماشین لباسشویی ال جی مدلWM-K702NW ظرفیت 7 کیلوگرم', 'LG WM-K702NW Washing Machine 7 kg', '', 8, 156, 0, 15600000, 9, 'on', 'رسول بسامی', 1600284296);


INSERT INTO `product_image` (`id`, `product_id`, `src`, `flags`, `alt`, `order`) VALUES
(1, 1, '/images/AdminProductManagementController/product/1399/06/26/15922648889000.jpg', '', 'لپ تاپ 15 اینچی ایسوس مدل ZenBook Pro Duo UX581LV - ASUS ZenBook Pro Duo UX581LV 15 inch Laptop', 0),
(2, 2, '/images/AdminProductManagementController/product/1399/06/26/15634602386050.jpg', '', 'لپ تاپ 15 اینچی ایسوس مدل ROG Strix G531 GV-ZQ - ASUS ROG Strix G531GV-ZQ 15 inch Laptop', 0),
(3, 3, '/images/AdminProductManagementController/product/1399/06/26/14711249511622.jpg', '', 'لپ تاپ 15 اینچی اچ پی مدل ProBook 450 G7-G - HP ProBook 450 G7-G -15 inch Laptop', 0),
(4, 4, '/images/AdminProductManagementController/product/1399/06/26/15042505842600.jpg', '', 'لپ تاپ 15 اینچی اچ پی مدل Pavilion CS3457-D - HP Pavilion CS3457-D 15 inch Laptop', 0),
(5, 5, '/images/AdminProductManagementController/product/1399/06/26/15665010638199.jpg', '', 'این یک متن جایگزین تصویر است.', 0),
(6, 6, '/images/AdminProductManagementController/product/1399/06/26/14492016177024.jpg', '', 'لپ تاپ 15 اینچی لنوو مدل Ideapad L3 - 15IML05 - Lenovo Ideapad L3 - 15IML05 - 15 inch Laptop', 0),
(7, 7, '/images/AdminProductManagementController/product/1399/06/26/14650568499335.jpg', '', 'گوشی موبایل هوآوی مدل Nova 7i JNY-LX1 دو سیم کارت ظرفیت 128 گیگابایت به همراه شارژر همراه هدیه - Huawei Nova 7i JNY-LX1 Dual SIM 128GB Mobile Phone With Power Bank Gift', 0),
(8, 8, '/images/AdminProductManagementController/product/1399/06/26/14885810643508.jpg', '', 'گوشی موبایل هوآوی مدل Y9 Prime 2019 STK-L21 دو سیم کارت ظرفیت 128 گیگابایت - Huawei Y9 Prime 2019 STK-L21 Dual SIM 128GB Mobile Phone', 0),
(9, 9, '/images/AdminProductManagementController/product/1399/06/26/14575358182176.jpg', '', 'alt', 0),
(10, 10, '/images/AdminProductManagementController/product/1399/06/26/14556155539392.jpg', '', 'گوشی موبایل ال جی مدل Q Stylus LM-Q710EM ظرفیت 32 گیگابایت - LG Q Stylus LM-Q710EM 32GB Mobile Phone', 0),
(11, 11, '/images/AdminProductManagementController/product/1399/06/26/15253879206900.jpg', '', 'گوشی موبایل سامسونگ مدل Galaxy Z Flip SM-F700F/DS تک سیم کارت ظرفیت 256 گیگابایت - Samsung Galaxy Z Flip SM-F700F/DS Single SIM 265GB Mobile Phone', 0),
(12, 12, '/images/AdminProductManagementController/product/1399/06/26/14813803207255.jpg', '', 'گوشی موبایل سامسونگ مدل Galaxy Note20 Ultra SM-N985F/DS دو سیم کارت ظرفیت 256 گیگابایت - Samsung Galaxy Note20 Ultra SM-N985F/DS Dual SIM 256GB Mobile Phone', 0),
(13, 13, '/images/AdminProductManagementController/product/1399/06/26/15197872208878.jpg', '', 'گوشی موبایل سامسونگ مدل Galaxy S20 Plus 5G SM-G986B/DS دو سیم کارت ظرفیت 128 گیگابایت - Samsung Galaxy S20 Plus 5G SM-G986B/DS Dual SIM 128GB Mobile Phone', 0),
(14, 14, '/images/AdminProductManagementController/product/1399/06/26/14474546764470.jpg', '', 'ADATA HD710 Pro External Hard Drive - 2TB', 0),
(15, 15, '/images/AdminProductManagementController/product/1399/06/26/15751575135420.jpg', '', 'کاور مدل DEE-05 مناسب برای گوشی موبایل سامسونگ Galaxy A10s - Galaxy A10s cover', 0),
(16, 16, '/images/AdminProductManagementController/product/1399/06/26/14466550211120.jpg', '', 'alternative text', 0),
(17, 17, '/images/AdminProductManagementController/product/1399/06/26/15359508459620.jpg', '', 'کاور کینگ کونگ مدل GHB01 مناسب برای گوشی موبایل سامسونگ Galaxy A20s - Galaxy A20s  cover', 0),
(18, 18, '/images/AdminProductManagementController/product/1399/06/26/15789985385031.jpg', '', 'فلش مموری ای دیتا مدل C906 ظرفیت 32 گیگابایت - Adata C906 USB 2.0 Flash Memory - 32GB', 0),
(19, 19, '/images/AdminProductManagementController/product/1399/06/26/15845996166368.jpg', '', 'هدفون بی سیم بیتس مدل Studio 3 - Beats Studio 3 Wireless Headphone', 0),
(20, 20, '/images/AdminProductManagementController/product/1399/06/26/15866802236790.jpg', '', 'چادر لبنانی شهر حجاب مدل 8031 - 8031', 0),
(21, 21, '/images/AdminProductManagementController/product/1399/06/26/14671391720256.jpg', '', 'پیراهن زنانه کد 1008 - 1008', 0),
(22, 23, '/images/AdminProductManagementController/product/1399/06/26/14826620253180.jpg', '', 'مانتو زنانه آر اف او مدل آپریل کد 03 - 03', 0),
(23, 24, '/images/AdminProductManagementController/product/1399/06/26/14503363922700.jpg', '', 'مانتو زنانه عاطفه نادری طرح پاپیونی مدل 1061128-0599 - Atefeh Naderi Papioni 1061128-0599 Manteau For Women', 0),
(24, 25, '/images/AdminProductManagementController/product/1399/06/26/14765811019552.jpg', '', 'روسری زنانه مدل 27 - 27', 0),
(25, 26, '/images/AdminProductManagementController/product/1399/06/26/15820398222414.jpg', '', 'شال زنانه کد P-705 - P-705', 0),
(26, 27, '/images/AdminProductManagementController/product/1399/06/26/14981852919302.jpg', '', 'هودی مردانه مدل کد 21 - 21', 0),
(27, 28, '/images/AdminProductManagementController/product/1399/06/26/15479541453949.jpg', '', 'شلوار مردانه کد 222 - 222', 0),
(28, 29, '/images/AdminProductManagementController/product/1399/06/26/14661797216274.jpg', '', 'شلوار مردانه کد 129 رنگ مشکی - 129', 0),
(29, 31, '/images/AdminProductManagementController/product/1399/06/26/15495546214996.jpg', '', 'ست تی شرت و شلوار ورزشی مردانه طرح یوونتوس مدل bg - bg', 0),
(30, 32, '/images/AdminProductManagementController/product/1399/06/26/15884415837458.jpg', '', 'کت تک مردانه رومانو بوتا کد 04 - Romano Botta 04 Coat For Men', 0),
(31, 33, '/images/AdminProductManagementController/product/1399/06/26/14620193107424.jpg', '', 'تی شرت مردانه کد S179 - S179', 0),
(32, 34, '/images/AdminProductManagementController/product/1399/06/26/14730613308705.jpg', '', 'تی شرت مردانه طرح مارشملو کد 17330 - 17330', 0),
(33, 35, '/images/AdminProductManagementController/product/1399/06/26/14911446237456.jpg', '', 'جارو برقی سامسونگ مدل QUEEN-18 - Samsung QUEEN-18 Vacuum Cleaner', 0),
(34, 37, '/images/AdminProductManagementController/product/1399/06/26/15942030801920.jpg', '', 'یخچال و فریزر سامسونگ مدل FSR12 - Samsung FSR12 Side By Side Refrigerator', 0),
(35, 38, '/images/AdminProductManagementController/product/1399/06/26/14697010487712.jpg', '', 'مایکروویو ال جی مدل MG42 - MG42', 0),
(36, 39, '/images/AdminProductManagementController/product/1399/06/26/15831612540328.jpg', '', 'ماشین لباسشویی ال جی مدلWM-K702NW ظرفیت 7 کیلوگرم - LG WM-K702NW Washing Machine 7 kg', 0);


INSERT INTO `product_relation_color` (`id`, `color_id`, `product_id`) VALUES
(1, 4, 1),
(2, 7, 2),
(3, 1, 3),
(4, 2, 4),
(5, 8, 5),
(6, 6, 6),
(7, 1, 7),
(8, 1, 8),
(9, 4, 9),
(10, 7, 10),
(11, 2, 11),
(12, 6, 12),
(13, 4, 13),
(14, 1, 14),
(15, 2, 15),
(16, 3, 16),
(17, 1, 17),
(18, 7, 18),
(19, 7, 19),
(20, 4, 20),
(21, 6, 21),
(22, 1, 23),
(23, 7, 24),
(24, 1, 25),
(25, 6, 26),
(26, 4, 27),
(27, 2, 28),
(28, 4, 29),
(29, 4, 31),
(30, 4, 32),
(31, 7, 33),
(32, 5, 34),
(33, 1, 35),
(34, 7, 37),
(35, 4, 38),
(36, 7, 39);